id,title,about,description,category,link,x,y,level,thumbnail
CPK001,Snap Car Wash,"Shop: CPK001 (Crown, Level 2 parking)",1800 762 792,6,https://www.wollongongcentral.com.au/stores/snap-car-wash,0.6660,0.2032,wol_lvl_g,https://www.wollongongcentral.com.au/sites/default/files/styles/store_detail_image/public/2021-12/snap%20carwash%20-%20web.png?itok=jmuwa6CL
CPK1,Ozishine Hand Car Wash,Shop: CPK01 (Keira),0452 356 575,6,https://www.wollongongcentral.com.au/stores/ozishine-hand-car-wash,0.187,0.4226,wol_lvl,https://www.wollongongcentral.com.au/sites/default/files/styles/store_detail_image/public/2022-04/Ozishine%20Hand%20Car%20Wash%20-%20web.png?itok=bPrYRdGE
L128,Laser Clinics Australia,Shop: L128 (Keira),4561 1972,7,https://www.wollongongcentral.com.au/stores/laser-clinics-australia,0.3192,0.1003,wol_lvl_g,https://www.wollongongcentral.com.au/sites/default/files/styles/store_detail_image/public/2021-12/laser-clinics-australia%20-%20web.png?itok=845daaZs
N001,Forever New,Shop: N001 (Crown),02 4225 2177,3,https://www.wollongongcentral.com.au/stores/forever-new,0.4402,0.3808,wol_lvl_g,https://www.wollongongcentral.com.au/sites/default/files/styles/store_detail_image/public/2021-12/Forever%20new%20-%20web.png?itok=-jr2GXTq
N002,Pandora,Shop: N002 (Crown),02 4227 3060,3,https://www.wollongongcentral.com.au/stores/pandora,0.4397,0.3407,wol_lvl_g,https://www.wollongongcentral.com.au/sites/default/files/styles/store_detail_image/public/2021-12/pandora%20-%20web.png?itok=Vmjj3AAA
N002K,Telechoice,Shop: N002K (Crown),02 4202 9469,9,https://www.wollongongcentral.com.au/stores/telechoice,0.4932,0.3109,wol_lvl_g,https://www.wollongongcentral.com.au/sites/default/files/styles/store_detail_image/public/2021-12/telechoice%20-%20web.png?itok=eqE3qNA5
N002K_00000176754428914671250660000013028921901792391586_,Wollongong Watch & Jewellery,Shop: N001K (Crown),02 4225 2829,6,https://www.wollongongcentral.com.au/stores/wollongong-watch-jewellery,0.4793,0.3113,wol_lvl_g,https://www.wollongongcentral.com.au/sites/default/files/styles/store_detail_image/public/2021-12/Wollongong%20Watch%20%26%20Jewellery%20Centre%20-%20web.png?itok=dx2NUyqB
N003A,Connor,Shop: N003A (Crown),02 7923 5655,3,https://www.wollongongcentral.com.au/stores/connor,0.4880,0.2818,wol_lvl_g,https://www.wollongongcentral.com.au/sites/default/files/styles/store_detail_image/public/2021-11/Connor%20-%20web.png?itok=puPX_ne9
N003,JD Sports Fashion,Shop: N003 (Crown),02 4210 4495,15,https://www.wollongongcentral.com.au/stores/jd-sports,0.4660,0.2472,wol_lvl_g,https://www.wollongongcentral.com.au/sites/default/files/styles/store_detail_image/public/2021-12/JD-Sports%20-%20web.png?itok=dz3L3rmM
N003AK,Mobile Experts,Shop: N003AK (Crown),02 4228 0177,9,https://www.wollongongcentral.com.au/stores/mobile-experts,0.5185,0.3092,wol_lvl_g,https://www.wollongongcentral.com.au/sites/default/files/styles/store_detail_image/public/2022-06/Mobile-Experts-web.png?itok=qrPiM4AL
N003K,T Brows Threading & Tinting,Shop: N003K (Crown),0415 590 642,7,https://www.wollongongcentral.com.au/stores/t-brows-threading-tinting,0.5058,0.3106,wol_lvl_g,https://www.wollongongcentral.com.au/sites/default/files/styles/store_detail_image/public/2021-12/Tbrow%20-%20web.png?itok=IiKubFsH
N004,Jay Jays,Shop: N004 (Crown),02 4228 0754,3,https://www.wollongongcentral.com.au/stores/jay-jays,0.5077,0.2640,wol_lvl_g,https://www.wollongongcentral.com.au/sites/default/files/styles/store_detail_image/public/2021-12/jay-jays%20-%20web.png?itok=35QclKN_
N004K,Boost Juice,Shop: N004K (Crown),02 4227 5266,4,https://www.wollongongcentral.com.au/stores/boost-juice,0.6028,0.3119,wol_lvl_g,https://www.wollongongcentral.com.au/sites/default/files/styles/store_detail_image/public/2021-11/Boost%20Juice%20-%20web.png?itok=kWvUMh9k
N005,Portmans,Shop: N005 (Crown),02 4228 9772,3,https://www.wollongongcentral.com.au/stores/portmans,0.5314,0.2670,wol_lvl_g,https://www.wollongongcentral.com.au/sites/default/files/styles/store_detail_image/public/2021-12/portmans%20-%20web.png?itok=isi9Eh3K
N006,Mister Minit,Shop: N006K (Crown),02 4208 1939,6,https://www.wollongongcentral.com.au/stores/mister-minit,0.5498,0.2693,wol_lvl_g,https://www.wollongongcentral.com.au/sites/default/files/styles/store_detail_image/public/2021-12/Mister%20Minit%20-%20web.png?itok=oF-i0a5f
N006,V-Box,Shop: N006 (Crown), 02 4225 0948,3,https://www.wollongongcentral.com.au/stores/v-box,0.5487,0.2687,wol_lvl_g,https://www.wollongongcentral.com.au/sites/default/files/styles/store_detail_image/public/2021-12/vbox%20-%20web.png?itok=Va7U4RDU
N007_x2F_8,Universal Store,Shop: N007/8 (Crown),02 4203 2157,3,https://www.wollongongcentral.com.au/stores/universal-store,0.5710,0.2706,wol_lvl_g,https://www.wollongongcentral.com.au/sites/default/files/styles/store_detail_image/public/2021-12/Universal-store%20-%20web.png?itok=5sd23CUh
N009,Optus,Shop: N009 (Crown),02 7922 7536,9,https://www.wollongongcentral.com.au/stores/optus,0.5942,0.2676,wol_lvl_g,https://www.wollongongcentral.com.au/sites/default/files/styles/store_detail_image/public/2021-12/Optus%20-%20web.png?itok=8__quv8u
N010,Sunglass Hut,Shop: N010 (Crown),02 4225 2156,3,https://www.wollongongcentral.com.au/stores/sunglass-hut,0.6077,0.2746,wol_lvl_g,https://www.wollongongcentral.com.au/sites/default/files/styles/store_detail_image/public/2021-12/sunglass%20hut%20-%20web.png?itok=0M0oGTCr
N011,Jacqui E,Shop: N011 (Crown),02 4225 8118,3,https://www.wollongongcentral.com.au/stores/jacqui-e,0.6307,0.2720,wol_lvl_g,https://www.wollongongcentral.com.au/sites/default/files/styles/store_detail_image/public/2021-12/jacqui-e%20-%20web.png?itok=ry_Lm-fI
N012,Billabong,Shop: N012 (Crown),02 4225 7549,3,https://www.wollongongcentral.com.au/stores/billabong,0.6482,0.2759,wol_lvl_g,https://www.wollongongcentral.com.au/sites/default/files/styles/store_detail_image/public/2021-11/Billabong-logo%20-%20web.png?itok=IXRZSZK2
N014,Decjuba,Shop: N014 (Crown),03 4225 3876,3,https://www.wollongongcentral.com.au/stores/decjuba,0.6472,0.3679,wol_lvl_g,https://www.wollongongcentral.com.au/sites/default/files/styles/store_detail_image/public/2021-11/DECJUBA%20-%20web.png?itok=Ajb0n8V_
N015,Platypus Shoes,Shop: N015 (Crown),02 4243 7544,3,https://www.wollongongcentral.com.au/stores/platypus,0.6294,0.3503,wol_lvl_g,https://www.wollongongcentral.com.au/sites/default/files/styles/store_detail_image/public/2021-12/platypus-shoes%20-%20web.png?itok=QKU6qgpc
N016,Billini,Shop: N016 (Crown),02 4225 1437,3,https://www.wollongongcentral.com.au/stores/billini,0.6092,0.3399,wol_lvl_g,https://www.wollongongcentral.com.au/sites/default/files/styles/store_detail_image/public/2021-11/billini%20-%20web.png?itok=BYulR3g6
N017,Surf Dive 'N Ski,Shop: N017 (Crown),02 4225 2273,3,https://www.wollongongcentral.com.au/stores/surf-dive-n-ski,0.6016,0.3773,wol_lvl_g,https://www.wollongongcentral.com.au/sites/default/files/styles/store_detail_image/public/2021-12/surf%20dive%20ski%20-%20web.png?itok=yKOIOV8G
N018,SkinKandy,Shop: N018 (Crown),02 4225 8723,7,https://www.wollongongcentral.com.au/stores/skinkandy,0.5713,0.3366,wol_lvl_g,https://www.wollongongcentral.com.au/sites/default/files/styles/store_detail_image/public/2021-12/skin%20kandy%20-%20web.png?itok=kSD-sVYD
N018_00000035519368833492205670000007457828403803682202_,Angus & Coote,Shop: N019 (Crown),02 4228 8477,3,https://www.wollongongcentral.com.au/stores/angus-coote,0.5537,0.3439,wol_lvl_g,https://www.wollongongcentral.com.au/sites/default/files/styles/store_detail_image/public/2021-11/Angus%20%26%20Coote%20-%20web.png?itok=ZLkc5RCl
N021,General Pants,Shop: N021 (Crown),02 8275 5157,3,https://www.wollongongcentral.com.au/stores/general-pants-co,0.5167,0.3668,wol_lvl_g,https://www.wollongongcentral.com.au/sites/default/files/styles/store_detail_image/public/2021-12/general-pants-co%20-%20web.png?itok=pt9HVNX0
N022,Telstra,Shop: N022 (Crown), 02 4210 4302,9,https://www.wollongongcentral.com.au/stores/telstra,0.4402,0.3403,wol_lvl_g,https://www.wollongongcentral.com.au/sites/default/files/styles/store_detail_image/public/2021-12/telstra%20-%20web.png?itok=QE6sOruq
N023,YD,Shop: N023 (Crown),02 7923 5656,3,https://www.wollongongcentral.com.au/stores/yd,0.4793,0.3887,wol_lvl_g,https://www.wollongongcentral.com.au/sites/default/files/styles/store_detail_image/public/2021-12/yd%20-%20web.png?itok=hYqLR04Y
N024,Fresh AF,Shop: N024 (Crown),,7,https://www.wollongongcentral.com.au/stores/fresh-af,0.4988,0.3886,wol_lvl_g,https://www.wollongongcentral.com.au/sites/default/files/styles/store_detail_image/public/2022-06/Fresh-AF-web.png?itok=vuTXIOCv
N025,Dotti,Shop: N025 (Crown),02 4228 3693,3,https://www.wollongongcentral.com.au/stores/dotti,0.5347,0.3779,wol_lvl_g,https://www.wollongongcentral.com.au/sites/default/files/styles/store_detail_image/public/2021-12/dotti-logo%20-%20web.png?itok=3likq5ye
N026,Rockwear,Shop: N026 (Crown),02 7923 5657,3,https://www.wollongongcentral.com.au/stores/rockwear,0.5542,0.3829,wol_lvl_g,https://www.wollongongcentral.com.au/sites/default/files/styles/store_detail_image/public/2021-12/rockwear%20-%20web.png?itok=cGuVyqrz
N027,Just Jeans,Shop: N027 (Crown),02 4229 4820,3,https://www.wollongongcentral.com.au/stores/just-jeans,0.5722,0.3767,wol_lvl_g,https://www.wollongongcentral.com.au/sites/default/files/styles/store_detail_image/public/2021-12/justjeans%20-%20web.png?itok=MTBMLAX5
N031,Alexander's Bakery,Shop: N031 (Crown),,5,https://www.wollongongcentral.com.au/stores/alexanders-bakery,0.6318,0.3949,wol_lvl_g,https://www.wollongongcentral.com.au/sites/default/files/styles/store_detail_image/public/2021-11/Alexanders%20Southside%20Bakery%20-%20web.png?itok=bVTYZgHv
N033,H&M,Shop: N033 (Crown),1300 401 300,3,https://www.wollongongcentral.com.au/stores/hm,0.7092,0.3408,wol_lvl_g,https://www.wollongongcentral.com.au/sites/default/files/styles/store_detail_image/public/2021-12/h%26m%20-%20web.png?itok=UJuJneTV
N101,Aussie Wollongong,Shop: N101 (Crown),02 4210 7944,1,https://www.wollongongcentral.com.au/stores/aussie,0.4552,0.4687,wol_lvl_1,https://www.wollongongcentral.com.au/sites/default/files/styles/store_detail_image/public/2021-11/Aussie%20-%20web.png?itok=K-rMNy2M
N102,HCF,Shop: N102 (Crown),02 4229 1717,1,https://www.wollongongcentral.com.au/stores/hcf,0.4500,0.4479,wol_lvl_1,https://www.wollongongcentral.com.au/sites/default/files/styles/store_detail_image/public/2021-12/hcf%20-%20web_0.png?itok=ZsD4COkh
N102K,The Young LC Café,Shop: N102K (Crown),02 4228 8915,4,https://www.wollongongcentral.com.au/stores/young-lc-cafe,0.5213,0.3882,wol_lvl_1,https://www.wollongongcentral.com.au/sites/default/files/styles/store_detail_image/public/2021-12/The%20Young%20LC%20Cafe%20-%20web.png?itok=lL37JQOK
N103,Typo,Shop: N103 (Crown),02 4225 8411,10,https://www.wollongongcentral.com.au/stores/typo,0.4557,0.4267,wol_lvl_1,https://www.wollongongcentral.com.au/sites/default/files/styles/store_detail_image/public/2021-12/typo%20-%20web.png?itok=eRRhvA9v
N103K,Phone Rehab,Shop: N103K (Crown), 02 4226 2035,9,https://www.wollongongcentral.com.au/stores/phone-rehab,0.5580,0.3939,wol_lvl_1,https://www.wollongongcentral.com.au/sites/default/files/styles/store_detail_image/public/2021-12/phonerehab%20-%20web.png?itok=m-o7uaUG
N104,The Body Shop,Shop: N104 (Crown),02 4226 3355,7,https://www.wollongongcentral.com.au/stores/body-shop,0.4563,0.4019,wol_lvl_1,https://www.wollongongcentral.com.au/sites/default/files/styles/store_detail_image/public/2021-12/the-body-shop%20-%20web.png?itok=mpzFGePt
N105,Priceline Pharmacy,Shop: N105 (Crown),02 4225 3455,7,https://www.wollongongcentral.com.au/stores/priceline-pharmacy,0.4738,0.3166,wol_lvl_1,https://www.wollongongcentral.com.au/sites/default/files/styles/store_detail_image/public/2021-12/Priceline%20Pharmacy%20-%20web.png?itok=ESdxn8cD
N106,Hairhouse,Shop: N106 (Crown),02 4225 3800,7,https://www.wollongongcentral.com.au/stores/hairhouse,0.5154,0.3453,wol_lvl_1,https://www.wollongongcentral.com.au/sites/default/files/styles/store_detail_image/public/2021-03/Hairhouse%20Warehouse%20-%20web.png?itok=IwMSmy27
N106A,Tree of Life,Shop: N106A (Crown),02 4226 5766,3,https://www.wollongongcentral.com.au/stores/tree-life,0.5312,0.3449,wol_lvl_1,https://www.wollongongcentral.com.au/sites/default/files/styles/store_detail_image/public/2021-12/tree-of-life%20-%20web.png?itok=CVK11IoG
N106K,R N Communications,Shop: N106K (Crown),02 4226 1080,9,https://www.wollongongcentral.com.au/stores/r-n-communications,0.6482,0.3949,wol_lvl_1,https://www.wollongongcentral.com.au/sites/default/files/styles/store_detail_image/public/2022-05/R%20N%20-%20web.png?itok=EcoITAkh
N107_00000013184293744308805670000013698548407942950327_,Evolution Laser Clinics,Shop: N107 (Crown),02 4243 7802,7,https://www.wollongongcentral.com.au/stores/evolution-laser-clinic,0.5457,0.3395,wol_lvl_1,https://www.wollongongcentral.com.au/sites/default/files/styles/store_detail_image/public/2021-12/Evolution%20-%20web.png?itok=kTwCKHej
N108,Taking Shape,Shop: N108 (Crown), 02 4228 4159,3,https://www.wollongongcentral.com.au/stores/taking-shape,0.5699,0.3340,wol_lvl_1,https://www.wollongongcentral.com.au/sites/default/files/styles/store_detail_image/public/2021-12/Takingshape%20-%20web.png?itok=d-X8CuTk
N108K,Crown Donuts,Shop: N108K (Crown),0426 400 456,4,https://www.wollongongcentral.com.au/stores/crown-donuts,0.6952,0.3713,wol_lvl_1,https://www.wollongongcentral.com.au/sites/default/files/styles/store_detail_image/public/2021-11/crown-donut%20-%20web.png?itok=zF82ortJ
N109,Your Nutrition Shop,Shop: N109 (Crown),02 4244 1384,7,https://www.wollongongcentral.com.au/stores/your-nutrition-shop,0.5908,0.3379,wol_lvl_1,https://www.wollongongcentral.com.au/sites/default/files/styles/store_detail_image/public/2021-12/Your-Nutrition-Shop%20-%20web.png?itok=hr-teVKC
N110,Ezy Cuts,Shop: N110 (Crown),0405 086 102,7,https://www.wollongongcentral.com.au/stores/ezy-cuts,0.6002,0.3375,wol_lvl_1,https://www.wollongongcentral.com.au/sites/default/files/styles/store_detail_image/public/2021-12/ezy%20cuts%20-%20web.png?itok=k0JrPvYb
N111,ProfessioNAIL,Shop: N111 (Crown),02 4200 0200,7,https://www.wollongongcentral.com.au/stores/professionail,0.6098,0.3386,wol_lvl_1,https://www.wollongongcentral.com.au/sites/default/files/styles/store_detail_image/public/2021-12/professionail%20-%20web.png?itok=7TwbgBt-
N113,Strandbags,Shop: N113 (Crown), 02 4228 0141,3,https://www.wollongongcentral.com.au/stores/strandbags,0.6432,0.3379,wol_lvl_1,https://www.wollongongcentral.com.au/sites/default/files/styles/store_detail_image/public/2021-12/Strandbags%20-%20web.png?itok=ytM2-VQF
N114,Lee Massage & Acupuncture,Shop: N114 (Crown),02 4229 3885,7,https://www.wollongongcentral.com.au/stores/lee-massage-acupuncture,0.6667,0.3383,wol_lvl_1,https://www.wollongongcentral.com.au/sites/default/files/styles/store_detail_image/public/2021-12/lee%20-%20web.png?itok=1nY-sclA
N115,Williams,Shop: N115 (Crown),02 8279 3279,3,https://www.wollongongcentral.com.au/stores/williams,0.6858,0.3373,wol_lvl_1,https://www.wollongongcentral.com.au/sites/default/files/styles/store_detail_image/public/2021-12/Williams%20-%20web.png?itok=4fSR2HmF
N117_x2F_19,Anaconda,Shop: N117/19 (Crown),02 4223 4700,16,https://www.wollongongcentral.com.au/stores/anaconda,0.7129,0.2580,wol_lvl_1,https://www.wollongongcentral.com.au/sites/default/files/styles/store_detail_image/public/2021-11/Anaconda%20-%20web.png?itok=DuYAQtyT
N120_x2F_24,Rebel Sport,Shop: N120/24 (Crown),02 4227 3299,15,https://www.wollongongcentral.com.au/stores/rebel-sport,0.7669,0.2773,wol_lvl_1,https://www.wollongongcentral.com.au/sites/default/files/styles/store_detail_image/public/2021-12/rebel%20-%20web.png?itok=WPAa3X_J
N125,CeX,Shop: N125 (Crown),1300 233 327,12,https://www.wollongongcentral.com.au/stores/cex-entertainment-exchange,0.7697,0.3893,wol_lvl_1,https://www.wollongongcentral.com.au/sites/default/files/styles/store_detail_image/public/2021-11/cex%20-%20web.png?itok=py53cikn
N126,The Currency Exchange,Shop: N126 (Crown),02  4226 6926,1,https://www.wollongongcentral.com.au/stores/currency-exchange,0.7535,0.3905,wol_lvl_1,https://www.wollongongcentral.com.au/sites/default/files/styles/store_detail_image/public/2021-12/thecurrencyexchange%20-%20web.png?itok=IVoFz9R8
N127,Okuma Sushi,Shop: N127 (Crown),02 4226 1342,4,https://www.wollongongcentral.com.au/stores/okuma-sushi,0.7383,0.3892,wol_lvl_1,https://www.wollongongcentral.com.au/sites/default/files/styles/store_detail_image/public/2021-12/Okuma%20Sushi%20-%20web.png?itok=dZyq-bay
N128,Koon Hong,Shop: N128 (Crown),02 4227 1866,4,https://www.wollongongcentral.com.au/stores/koon-hong,0.7253,0.3972,wol_lvl_1,https://www.wollongongcentral.com.au/sites/default/files/styles/store_detail_image/public/2021-12/koonhong%20-%20web.png?itok=HG6Uu9ne
N129,Wollongong Central Alterations,Shop: N129 (Crown),02 4228 6228,6,https://www.wollongongcentral.com.au/stores/wollongong-central-alterations,0.7245,0.4160,wol_lvl_1,https://www.wollongongcentral.com.au/sites/default/files/styles/store_detail_image/public/2021-12/WCAlterations%20-%20web.png?itok=xNDUd2oR
N130,E-Learning,Shop: N130 (Crown),0433 987 868,6,https://www.wollongongcentral.com.au/stores/e-learning,0.7458,0.4247,wol_lvl_1,https://www.wollongongcentral.com.au/sites/default/files/styles/store_detail_image/public/2021-12/elearning.png?itok=hszTb_Nu
N131,TSG Tobacco Station,Shop: N131 (Crown),02 4202 9804,6,https://www.wollongongcentral.com.au/stores/tsg,0.7225,0.4653,wol_lvl_1,https://www.wollongongcentral.com.au/sites/default/files/styles/store_detail_image/public/2021-12/TSG%20Tobacco%20Station%20web.png?itok=iWyl8Ggi
N132,De Ja Vu Hair,Shop: N132 (Crown),02 4227 6836,7,https://www.wollongongcentral.com.au/stores/deja-vu-hair,0.6837,0.4628,wol_lvl_1,https://www.wollongongcentral.com.au/sites/default/files/styles/store_detail_image/public/2021-11/DejaVu%20-%20web.png?itok=q13u6P6J
N133,Sparkle Nails & Beauty,Shop: N133 (Crown),02 4225 8889,7,https://www.wollongongcentral.com.au/stores/sparkle-nails-beauty,0.6828,0.4406,wol_lvl_1,https://www.wollongongcentral.com.au/sites/default/files/styles/store_detail_image/public/2021-12/sparkle%20-%20web.png?itok=o0TozubO
N134,Shaver Shop,Shop: N134 (Crown),02 4225 1277,7,https://www.wollongongcentral.com.au/stores/shaver-shop,0.6778,0.4226,wol_lvl_1,https://www.wollongongcentral.com.au/sites/default/files/styles/store_detail_image/public/2021-12/shaver%20shop%20-%20web.png?itok=EGLzQzGe
N135,OSPM,Shop: N135 (Crown),02 4229 4444,7,https://www.wollongongcentral.com.au/stores/opsm,0.6618,0.4466,wol_lvl_1,https://www.wollongongcentral.com.au/sites/default/files/styles/store_detail_image/public/2021-12/OPSM%20-%20web.png?itok=tOi9sXJN
N136,Prouds,Shop: N136 (Crown),02 4201 0432,3,https://www.wollongongcentral.com.au/stores/prouds,0.6409,0.4276,wol_lvl_1,https://www.wollongongcentral.com.au/sites/default/files/styles/store_detail_image/public/2021-12/Prouds%20-%20web.png?itok=A9fQcJpq
N143,Michael Hill,Shop: N143 (Crown),02 4225 7309,3,https://www.wollongongcentral.com.au/stores/michael-hill-jeweller,0.5862,0.4245,wol_lvl_1,https://www.wollongongcentral.com.au/sites/default/files/styles/store_detail_image/public/2021-12/Michael%20Hill%20-%20web.png?itok=cdPHpoxV
N144,Bras N Things,Shop: N144 (Crown),02 4229 3490,3,https://www.wollongongcentral.com.au/stores/bras-n-things,0.5682,0.4372,wol_lvl_1,https://www.wollongongcentral.com.au/sites/default/files/styles/store_detail_image/public/2021-11/bras-things%20-%20web.png?itok=Ey3bXooY
N145,Katies,Shop: N145 (Crown),02 4201 0786,3,https://www.wollongongcentral.com.au/stores/katies,0.5482,0.4467,wol_lvl_1,https://www.wollongongcentral.com.au/sites/default/files/styles/store_detail_image/public/2021-12/katies%20-%20web.png?itok=LI_-NQFD
N146,Cotton On Body,Shop: N146 (Crown),02 4225 1203,3,https://www.wollongongcentral.com.au/stores/cotton-body,0.5242,0.4465,wol_lvl_1,https://www.wollongongcentral.com.au/sites/default/files/styles/store_detail_image/public/2021-11/cotton-on-body%20-%20web.png?itok=HfyDzFTs
N148,Just Lashes,Shop: N148 (Crown),0447 300 708,7,https://www.wollongongcentral.com.au/stores/just-lashes,0.4924,0.4539,wol_lvl_1,https://www.wollongongcentral.com.au/sites/default/files/styles/store_detail_image/public/2021-12/Just-Lashes%20-%20web.png?itok=4EaZP-El
N149_00000101797256164921129560000012827318882828086456_,Nadia's Café,Shop: N149 (Crown),02 4228 5595,4,https://www.wollongongcentral.com.au/stores/nadias-cafe,0.4623,0.5152,wol_lvl_1,https://www.wollongongcentral.com.au/sites/default/files/styles/store_detail_image/public/2021-12/nadias%20-%20web.png?itok=sYN9MqhQ
NO20,Smiggle,Shop: N020 (Crown),02 4229 8267,10,https://www.wollongongcentral.com.au/stores/smiggle,0.5352,0.3433,wol_lvl_g,https://www.wollongongcentral.com.au/sites/default/files/styles/store_detail_image/public/2021-12/smiggle%20-%20web.png?itok=h9pMpuMG
S001,Lorna Jane,Shop: S001 (Gateway),02 4225 8513,3,https://www.wollongongcentral.com.au/stores/lorna-jane,0.4450,0.5073,wol_lvl_g,https://www.wollongongcentral.com.au/sites/default/files/styles/store_detail_image/public/2021-12/lorna-jane%20-%20web.png?itok=jOBP-U-i
S001_x5F_LG,TK Maxx,Shop: S001_LG (Gateway),02 4225 1333,11,https://www.wollongongcentral.com.au/stores/tk-maxx,0.5447,0.5240,wol_lvl,https://www.wollongongcentral.com.au/sites/default/files/styles/store_detail_image/public/2021-12/TK_Maxx%20-%20web.png?itok=ZAyP12eb
S002-LG,Rivers,Shop: S002_LG (Gateway),02 4201 0743,3,https://www.wollongongcentral.com.au/stores/rivers,0.5287,0.8249,wol_lvl,https://www.wollongongcentral.com.au/sites/default/files/styles/store_detail_image/public/2021-12/Rivers%20-%20web.png?itok=cYHuG0eP
S003,Barber Industries,Shop: S003 (Gateway),02 4225 1776,7,https://www.wollongongcentral.com.au/stores/barber-industries,0.4440,0.5899,wol_lvl_g,https://www.wollongongcentral.com.au/sites/default/files/styles/store_detail_image/public/2021-12/Barber-Industries%20-%20web.png?itok=2yBIcVys
S003,Doctor Massage & Acupuncture,Shop: S003 (Gateway),02 4226 5666,7,https://www.wollongongcentral.com.au/stores/doctor-massage-acupuncture,0.4450,0.5899,wol_lvl_g,https://www.wollongongcentral.com.au/sites/default/files/styles/store_detail_image/public/2021-12/Dr-Massage%20-%20web.png?itok=jRABluMu
S003_x5F_LG,Holey Moley,Shop: S003_LG (Gateway),02 7201 8316,14,https://www.wollongongcentral.com.au/stores/holey-moley,0.6087,0.8427,wol_lvl,https://www.wollongongcentral.com.au/sites/default/files/styles/store_detail_image/public/2021-12/Holey-Moley%20-%20web.png?itok=vegh4b1P
S004,Sussan,Shop: S004 (Gateway),02 4229 4100,3,https://www.wollongongcentral.com.au/stores/sussan,0.4354,0.6148,wol_lvl_g,https://www.wollongongcentral.com.au/sites/default/files/styles/store_detail_image/public/2021-12/sussan%20-%20web.png?itok=FxEYwZxe
S005_x2F_6,Adairs,Shop: S005/6 (Gateway),02 4210 8797,13,https://www.wollongongcentral.com.au/stores/adairs,0.4252,0.7200,wol_lvl_g,https://www.wollongongcentral.com.au/sites/default/files/styles/store_detail_image/public/2021-11/Adairs%20-%20web.png?itok=d18SKoFH
S007,Dymocks,Shop: S007 (Gateway),02 4229 7125,6,https://www.wollongongcentral.com.au/stores/dymocks,0.4473,0.7827,wol_lvl_g,https://www.wollongongcentral.com.au/sites/default/files/styles/store_detail_image/public/2021-12/dymocks%20-%20web.png?itok=5nCHTgZr
S009_x2F_010,Edge Clothing,Shop: S009/10 (Gateway),02 4225 9445,3,https://www.wollongongcentral.com.au/stores/edge-clothing,0.4937,0.6462,wol_lvl_g,https://www.wollongongcentral.com.au/sites/default/files/styles/store_detail_image/public/2021-12/edge%20-%20web.png?itok=WX2QRMJd
S011,Deco Hair & Beauty,Shop: S011 (Gateway),02 4244 2849,7,https://www.wollongongcentral.com.au/stores/deco-hair-beauty,0.4812,0.5962,wol_lvl_g,https://www.wollongongcentral.com.au/sites/default/files/styles/store_detail_image/public/2021-11/Deco-Hair%20-%20web.png?itok=KaGowU2X
S012,Elite Body Contouring,Shop: S012 (Gateway),1300 101 055,7,https://www.wollongongcentral.com.au/stores/elite-body-contouring,0.4827,0.5548,wol_lvl_g,https://www.wollongongcentral.com.au/sites/default/files/styles/store_detail_image/public/2021-12/Elite%20-%20web.png?itok=Hwdl7_SR
S013,Oxford,Shop: S013 (Gateway),02 4203 2654,3,https://www.wollongongcentral.com.au/stores/oxford,0.4802,0.4874,wol_lvl_g,https://www.wollongongcentral.com.au/sites/default/files/styles/store_detail_image/public/2021-12/oxford%20-%20web.png?itok=FO1f98TG
S020_x5F_LG,Live Fit Nutrition,Shop: S020_LG (Gateway),,7,https://www.wollongongcentral.com.au/stores/live-fit-nutrition,0.6897,0.6974,wol_lvl,https://www.wollongongcentral.com.au/sites/default/files/styles/store_detail_image/public/2022-04/LiveFit%20-%20web.png?itok=gvngVu7w
S021,Burrito Bar and Smokin' Ribs & Burgers,Shop: S020/21 (Gateway),0435 114 574,3,https://www.wollongongcentral.com.au/stores/burrito-bar,0.5957,0.6327,wol_lvl_g,https://www.wollongongcentral.com.au/sites/default/files/styles/store_detail_image/public/2022-01/Burrito%20Bar%20-%20web.png?itok=PPgN-Bnj
S022,The Little Prince,Shop: S022 (Gateway),02 4226 4270,4,https://www.wollongongcentral.com.au/stores/little-prince,0.6433,0.6742,wol_lvl_g,https://www.wollongongcentral.com.au/sites/default/files/styles/store_detail_image/public/2021-12/thelittleprince%20-%20web.png?itok=A_UEQ8lM
S030,Club Lime,Shop: S030 (Gateway),02 4286 4555,7,https://www.wollongongcentral.com.au/stores/club-lime,0.3462,0.8799,wol_lvl_g,https://www.wollongongcentral.com.au/sites/default/files/styles/store_detail_image/public/2021-11/clublime%20-%20web.png?itok=7uMmqfDj
S101,Fresh Nails,Shop: S101 (Gateway),02 4229 5111,7,https://www.wollongongcentral.com.au/stores/fresh-nails,0.4564,0.5539,wol_lvl_1,https://www.wollongongcentral.com.au/sites/default/files/styles/store_detail_image/public/2021-12/freshnails%20-%20web.png?itok=1I1CsAE1
S102,Lovisa,Shop: S102 (Gateway),0481 600 353,3,https://www.wollongongcentral.com.au/stores/lovisa,0.4567,0.5816,wol_lvl_1,https://www.wollongongcentral.com.au/sites/default/files/styles/store_detail_image/public/2021-12/lovisa%20-%20web.png?itok=d4eYB-wL
S103,Cinori Shoes,Shop: S103 (Gateway),02 4606 2394,3,https://www.wollongongcentral.com.au/stores/cinori-shoes,0.4572,0.6032,wol_lvl_1
S106,Swarovski,Shop: S106 (Gateway), 02 4267 2663,3,https://www.wollongongcentral.com.au/stores/swarovski,0.4594,0.6735,wol_lvl_1,https://www.wollongongcentral.com.au/sites/default/files/styles/store_detail_image/public/2021-12/Swarovski%20-%20web.png?itok=0mbxIyhH
S107_x2F_110_00000173870172941250938260000008078200319472651654_,Mecca Maxima,Shop: S107/S110 (Gateway),02 4247 4600,7,https://www.wollongongcentral.com.au/stores/mecca-maxima,0.4222,0.7213,wol_lvl_1,https://www.wollongongcentral.com.au/sites/default/files/styles/store_detail_image/public/2021-12/mecca%20maxima%20-%20web.png?itok=0C2-CAL0
S111_x2F_112,Peter Alexander,Shop: S111-112 (Gateway),02 4201 0331,3,https://www.wollongongcentral.com.au/stores/peter-alexander,0.4189,0.7683,wol_lvl_1,https://www.wollongongcentral.com.au/sites/default/files/styles/store_detail_image/public/2021-12/peter-alexander%20-%20web.png?itok=7jKBu3Qx
S113_x2F_114,Seed,Shop: S113/114 (Gateway),02 9929 0553,3,https://www.wollongongcentral.com.au/stores/seed,0.4200,0.8166,wol_lvl_1,https://www.wollongongcentral.com.au/sites/default/files/styles/store_detail_image/public/2021-12/seed%20-%20web.png?itok=xBJP6P61
S115,Charli & Kate,Shop: S115 (Gateway),02 4225 1329,7,https://www.wollongongcentral.com.au/stores/charli-kate,0.4605,0.8539,wol_lvl_1,https://www.wollongongcentral.com.au/sites/default/files/styles/store_detail_image/public/2021-11/charli%20and%20kate%20-%20web.png?itok=fGHgyNQP
S116,T2,Shop: S116 (Gateway),02 4295 0233,13,https://www.wollongongcentral.com.au/stores/t2,0.4932,0.8420,wol_lvl_1,https://www.wollongongcentral.com.au/sites/default/files/styles/store_detail_image/public/2021-12/T2%20-%20web.png?itok=n4bzaZ8Q
S117,Country Road,Shop: S117 (Gateway),03 8280 4646,3,https://www.wollongongcentral.com.au/stores/country-road,0.5197,0.7145,wol_lvl_1,https://www.wollongongcentral.com.au/sites/default/files/styles/store_detail_image/public/2021-11/country-road%20-%20web.png?itok=4NIRzwsX
S118,Mimco,Shop: S118 (Gateway),02 4225 9411,3,https://www.wollongongcentral.com.au/stores/mimco,0.4952,0.6545,wol_lvl_1,https://www.wollongongcentral.com.au/sites/default/files/styles/store_detail_image/public/2021-12/mimco%20-%20web.png?itok=noPHi1oC
S119,Cue,Shop: S119 (Gateway),02 4228 6533,3,https://www.wollongongcentral.com.au/stores/cue,0.4967,0.6199,wol_lvl_1,https://www.wollongongcentral.com.au/sites/default/files/styles/store_detail_image/public/2022-06/cue%20-%20web.png?itok=xZH0zin_
S120,Honey Birdette,Shop: S120 (Gateway),02 4225 2871,3,https://www.wollongongcentral.com.au/stores/honey-birdette,0.4962,0.5967,wol_lvl_1,https://www.wollongongcentral.com.au/sites/default/files/styles/store_detail_image/public/2021-12/honey-birdette%20-%20web.png?itok=BiAlADTn
S121,Sportsgirl,Shop: S121 (Gateway),02 4229 1323,3,https://www.wollongongcentral.com.au/stores/sportsgirl,0.4977,0.5662,wol_lvl_1,https://www.wollongongcentral.com.au/sites/default/files/styles/store_detail_image/public/2021-12/Sportsgirl%20-%20web.png?itok=c4R1CWEC
S701_x5F_G,David Jones,Shop: S701_G (Gateway),02 4240 3800,11,https://www.wollongongcentral.com.au/stores/david-jones,0.5693,0.7102,wol_lvl_g,https://www.wollongongcentral.com.au/sites/default/files/styles/store_detail_image/public/2021-11/David-Jones%20-%20web.png?itok=C9REG4c6
S701_x5F_L1,David Jones,Shop: S701_L1 (Gateway),02 4240 3800,11,https://www.wollongongcentral.com.au/stores/david-jones,0.5768,0.7642,wol_lvl_1,https://www.wollongongcentral.com.au/sites/default/files/styles/store_detail_image/public/2021-11/David-Jones%20-%20web.png?itok=C9REG4c6
W001_x2F_W002,Best & Less,Shop: W001/W002 (Keira),02 4229 6086,3,https://www.wollongongcentral.com.au/stores/best-less,0.2897,0.4872,wol_lvl,https://www.wollongongcentral.com.au/sites/default/files/styles/store_detail_image/public/2021-11/Best-and-Less%20-web.png?itok=c7Fd2sTd
W001K,Chatime,Shop: W001K (Keira),02 8014 9659,4,https://www.wollongongcentral.com.au/stores/chatime,0.3467,0.2807,wol_lvl,https://www.wollongongcentral.com.au/sites/default/files/styles/store_detail_image/public/2021-11/chatime%20-%20web.png?itok=7hZY1zsi
W002K,Hero Sushi,Shop: W002K (Keira),02 9748 0297 ,4,https://www.wollongongcentral.com.au/stores/hero-sushi,0.3467,0.3159,wol_lvl,https://www.wollongongcentral.com.au/sites/default/files/styles/store_detail_image/public/2021-12/herosushi%20-%20web.png?itok=z3ZNxgBh
W003,Coles,Shop: W003 (Keira),02 4220 6700,8,https://www.wollongongcentral.com.au/stores/coles,0.2517,0.3243,wol_lvl,https://www.wollongongcentral.com.au/sites/default/files/styles/store_detail_image/public/2021-11/Coles%20-%20web.png?itok=gROx_P0d
W003_x5F_01,Liquorland,Shop: W003_01 (Keira),02 4220 6780,8,https://www.wollongongcentral.com.au/stores/liquorland,0.2867,0.4163,wol_lvl,https://www.wollongongcentral.com.au/sites/default/files/styles/store_detail_image/public/2021-12/Liquorland%20-%20web.png?itok=Ko0xY2_X
W003K_00000091011054083835620480000001778919424281752210_,The Coffee Emporium,Shop: W003K (Keira),02 4227 4589,4,https://www.wollongongcentral.com.au/stores/coffee-emporium,0.3463,0.3689,wol_lvl,https://www.wollongongcentral.com.au/sites/default/files/styles/store_detail_image/public/2021-12/the%20coffee%20emporium%20-%20web.png?itok=5zC8lAjJ
W004A,Chemist Warehouse,Shop: W004A (Keira),02 4229 4325,7,https://www.wollongongcentral.com.au/stores/chemist-warehouse,0.3755,0.1719,wol_lvl,https://www.wollongongcentral.com.au/sites/default/files/styles/store_detail_image/public/2021-11/chemist-warehouse%20-%20web.png?itok=ozKXZ23T
W004K,Aplus Food Bar,Shop: W004K (Keira), 0411 697 683,4,https://www.facebook.com/aplusfoodbar,0.3463,0.4053,wol_lvl
W005,TeamMed Wollongong Medical Centre,Shop: W005 (Keira),02 4225 7791,7,https://www.wollongongcentral.com.au/stores/teammed-wollongong-medical-dental-centre,0.3998,0.2053,wol_lvl,https://www.wollongongcentral.com.au/sites/default/files/styles/store_detail_image/public/2021-12/medical%20dental%20-%20web.png?itok=-RtryXVA
W005A,Connect Hearing,Shop: W005A (Keira),02 9394 8441,7,https://www.wollongongcentral.com.au/stores/connect-hearing,0.3967,0.2268,wol_lvl,https://www.wollongongcentral.com.au/sites/default/files/styles/store_detail_image/public/2021-11/Connect-Hearing%20-%20web.png?itok=vvJlJipO
W005K,Wendy's Milk Bar,Shop: W005K (Keira),02 4225 1130,4,https://www.wollongongcentral.com.au/stores/wendys-milk-bar,0.3463,0.2502,wol_lvl,https://www.wollongongcentral.com.au/sites/default/files/styles/store_detail_image/public/2021-12/Wendys%20-%20web.png?itok=1-TorlOn
W006,Pop Avenue,Shop: W006 (Keira),02 4226 2456,2,https://www.wollongongcentral.com.au/stores/pop-avenue,0.3942,0.2547,wol_lvl,https://www.wollongongcentral.com.au/sites/default/files/styles/store_detail_image/public/2021-12/Pop-Avenue%20-%20web.png?itok=4w1hj5FD
W007,The Royal Bakery,Shop: W007 (Keira),02 4225 8971,4,https://www.wollongongcentral.com.au/stores/royal-bakery,0.3928,0.2822,wol_lvl,https://www.wollongongcentral.com.au/sites/default/files/styles/store_detail_image/public/2021-12/royal%20bakery%20-%20web.png?itok=8iZzCCmt
W008,Saigon Senses,Shop: W008 (Keira),0481 368 009,4,https://www.wollongongcentral.com.au/stores/saigon-senses,0.3763,0.3092,wol_lvl,https://www.wollongongcentral.com.au/sites/default/files/styles/store_detail_image/public/2021-12/saigon%20senses%20-%20web.png?itok=gt6yI6M4
W009,What's Cooking,Shop: W009 (Keira),02 4244 1067,13,https://www.wollongongcentral.com.au/stores/whats-cooking,0.4037,0.3227,wol_lvl,https://www.wollongongcentral.com.au/sites/default/files/styles/store_detail_image/public/2021-12/WhatsCooking%20-%20web.png?itok=j724EY5O
W010,Flight Centre,Shop: W010 (Keira),1300 643 480,6,https://www.wollongongcentral.com.au/stores/flight-centre,0.4473,0.3467,wol_lvl,https://www.wollongongcentral.com.au/sites/default/files/styles/store_detail_image/public/2021-12/Flight%20Centre%20-%20web.png?itok=IR0vbVdt
W011,My Supplement Store,Shop: W011 (Keira),02 4225 1052,7,https://www.wollongongcentral.com.au/stores/my-supplement-store,0.475,0.3532,wol_lvl,https://www.wollongongcentral.com.au/sites/default/files/styles/store_detail_image/public/2021-12/My-supplement-store%20-%20web.png?itok=3wlbRLmJ
W012,Steve's Snow Store,Shop: W012 (Keira),0401 152 897,15,https://www.wollongongcentral.com.au/stores/steves-snow-store,0.4667,0.4216,wol_lvl,https://www.wollongongcentral.com.au/sites/default/files/styles/store_detail_image/public/2021-12/Steves%20Snow%20Store%20-%20web.png?itok=yrEJTFFA
W013,Taylor's Healthy Grocers,Shop: W013 (Keira),02 4225 2314,7,https://www.wollongongcentral.com.au/stores/taylors-healthy-grocers,0.4417,0.4163,wol_lvl,https://www.wollongongcentral.com.au/sites/default/files/styles/store_detail_image/public/2021-12/taylors%20-%20web.png?itok=mXeSrQqT
W014,Health Harbour Massage,Shop: W014 (Keira),02 4226 4153,7,https://www.wollongongcentral.com.au/stores/health-harbour-massage-acupuncture,0.4169,0.3979,wol_lvl,https://www.wollongongcentral.com.au/sites/default/files/styles/store_detail_image/public/2021-12/healthharbour%20-%20web.png?itok=hAeGJ2U7
W015,Star Phones,Shop: W015 (Keira),02 9899 4888,9,https://www.wollongongcentral.com.au/stores/star-phones,0.3997,0.4009,wol_lvl,https://www.wollongongcentral.com.au/sites/default/files/styles/store_detail_image/public/2021-12/Star-Phone%20-%20web.png?itok=yKj-Kq_G
W016,Results Laser Clinic,Shop: W016 (Keira),02 7809 8872,7,https://www.wollongongcentral.com.au/stores/results-laser-clinic,0.3783,0.3813,wol_lvl,https://www.wollongongcentral.com.au/sites/default/files/styles/store_detail_image/public/2021-12/Results-Laser%20-%20web.png?itok=Z6TwvoBZ
W017,Nextra,Shop: W017,02 4228 5001,6,https://www.wollongongcentral.com.au/stores/nextra,0.3765,0.4092,wol_lvl,https://www.wollongongcentral.com.au/sites/default/files/styles/store_detail_image/public/2021-12/Nextra%20-%20web.png?itok=CBt7s2EP
W018,Casey's Toys,Shop: W018 (Keira),02 4227 2233,12,https://www.wollongongcentral.com.au/stores/caseys-toys,0.3987,0.4473,wol_lvl,https://www.wollongongcentral.com.au/sites/default/files/styles/store_detail_image/public/2021-11/caseys-toys%20-%20web.png?itok=GlztCm8c
W019,Blade Runner Cuts,Shop: W019 (Keira),02 4225 9220,7,https://www.wollongongcentral.com.au/stores/bladerunner-cuts,0.3785,0.4806,wol_lvl,https://www.wollongongcentral.com.au/sites/default/files/styles/store_detail_image/public/2022-04/Blade%20Runner%20Cuts%20-%20web.png?itok=C6FcSN1H
W101,Beast,Shop: W101 (Keira),02 4226 4629,4,https://www.wollongongcentral.com.au/stores/beast,0.2618,0.3967,wol_lvl_g,https://www.wollongongcentral.com.au/sites/default/files/styles/store_detail_image/public/2021-11/Beast-logo%20-%20web.png?itok=5kjMK6O_
W102,Glue,Shop: W102 (Keira),02 4201 0796,3,https://www.wollongongcentral.com.au/stores/glue-store,0.2637,0.3655,wol_lvl_g,https://www.wollongongcentral.com.au/sites/default/files/styles/store_detail_image/public/2021-12/glue%20-%20web.png?itok=XP82CQMb
W103,Cotton On,Shop: W103,02 4229 9406,3,https://www.wollongongcentral.com.au/stores/cotton,0.2562,0.3285,wol_lvl_g,https://www.wollongongcentral.com.au/sites/default/files/styles/store_detail_image/public/2021-11/cotton-on%20-%20web.png?itok=-cqACsBl
W104A,Nike,Shop: W104A (Keira),02 4077 3759,3,https://www.wollongongcentral.com.au/stores/nike,0.2597,0.2914,wol_lvl_g,https://www.wollongongcentral.com.au/sites/default/files/styles/store_detail_image/public/2021-12/nike%20-%20web.png?itok=DMdgGiIz
W104B,Bonds,Shop: W104B (Keira),02 4226 6950,3,https://www.wollongongcentral.com.au/stores/bonds,0.2607,0.2645,wol_lvl_g,https://www.wollongongcentral.com.au/sites/default/files/styles/store_detail_image/public/2021-11/bonds%20-%20web.png?itok=nFavDrxl
W105_x2F_106,City Beach,Shop: W105/106 (Keira),02 4201 0199,3,https://www.wollongongcentral.com.au/stores/city-beach,0.2637,0.2365,wol_lvl_g,https://www.wollongongcentral.com.au/sites/default/files/styles/store_detail_image/public/2021-11/city-beach%20-%20web.png?itok=dfXNxAfQ
W107,Skechers,Shop: W107 (Keira),02 4203 2118,3,https://www.wollongongcentral.com.au/stores/skechers,0.2677,0.1889,wol_lvl_g,https://www.wollongongcentral.com.au/sites/default/files/styles/store_detail_image/public/2021-12/skechers%20-%20web.png?itok=PDqTjvJw
W108,Supre,Shop: W108 (Keira),02 4229 1482,3,https://www.wollongongcentral.com.au/stores/supre,0.2657,0.1633,wol_lvl_g,https://www.wollongongcentral.com.au/sites/default/files/styles/store_detail_image/public/2021-12/supre%20-%20web.png?itok=rvZu7A_K
W109,Hype DC,Shop: W109 (Keira),02 4203 2113,3,https://www.wollongongcentral.com.au/stores/hype-dc,0.2697,0.1353,wol_lvl_g,https://www.wollongongcentral.com.au/sites/default/files/styles/store_detail_image/public/2021-12/hype%20-%20web.png?itok=19_5na4M
W110,Doll Face Brow & MakeUp Studio,Shop: W110 (Keira),07 5561 8285 ,7,https://www.wollongongcentral.com.au/stores/doll-face-brow-and-makeup-studio,0.2742,0.1101,wol_lvl_g,https://www.wollongongcentral.com.au/sites/default/files/styles/store_detail_image/public/2021-12/Dollface%20-%20web.png?itok=62jQBQXz
W111,RUH Café,Shop: W111 (Keira),,4,https://www.wollongongcentral.com.au/stores/ruh-cafe,0.2988,0.0992,wol_lvl_g,https://www.wollongongcentral.com.au/sites/default/files/styles/store_detail_image/public/2022-01/Ruh%20Cafe%20-%20web.png?itok=0tOrAPuU
W113,Vodafone,Shop: W113 (Keira),02 4206 8208 ,9,https://www.wollongongcentral.com.au/stores/vodafone,0.3392,0.1056,wol_lvl_g,https://www.wollongongcentral.com.au/sites/default/files/styles/store_detail_image/public/2021-12/Vodafone-%20web.png?itok=WLPyJcrg
W114,His Boy Elroy,Shop: W114 (Keira),02 4244 5605,4,https://www.wollongongcentral.com.au/stores/his-boy-elroy,0.3638,0.0833,wol_lvl_g,https://www.wollongongcentral.com.au/sites/default/files/styles/store_detail_image/public/2021-12/hisboyelroy%20-%20web.png?itok=pGo7HvRU
W115,Schnitz,Shop: W115 (Keira), 02 4295 0041 ,4,https://www.wollongongcentral.com.au/stores/schnitz,0.3648,0.1112,wol_lvl_g,https://www.wollongongcentral.com.au/sites/default/files/styles/store_detail_image/public/2021-12/schnitz%20-%20web.png?itok=FFa_AgZN
W116,Guzman Y Gomez,Shop: W116 (Keira),02 8257 0998,4,https://www.wollongongcentral.com.au/stores/guzman-y-gomez,0.3642,0.1559,wol_lvl_g,https://www.wollongongcentral.com.au/sites/default/files/styles/store_detail_image/public/2021-12/guzman%20-%20web.png?itok=0jrzpzdF
W117,Kinn Thai Restaurant,Shop: W117 (Keira),02 4229 3407,4,https://www.wollongongcentral.com.au/stores/kinn-thai-restaurant,0.3623,0.1879,wol_lvl_g,https://www.wollongongcentral.com.au/sites/default/files/styles/store_detail_image/public/2021-12/kinn%20thai%20-%20web.png?itok=0uRIY7Mm
W118,Ta Chun,Shop: W118 (Keira) ,0466 639 558,4,https://www.wollongongcentral.com.au/stores/ta-chun,0.3618,0.2122,wol_lvl_g,https://www.wollongongcentral.com.au/sites/default/files/styles/store_detail_image/public/2021-12/Tachun%20-%20web.png?itok=lPdZzC5l
W119,Hanok Korean BBQ,Shop: W119 (Keira),0433 962 959,4,https://www.wollongongcentral.com.au/stores/hanok-korean-bbq,0.3617,0.2439,wol_lvl_g,https://www.wollongongcentral.com.au/sites/default/files/styles/store_detail_image/public/2021-12/Hanok%20-%20web.png?itok=O4vGQeuu
W120_x2F_121,Sushi Dami,Shop: W120/121 (Keira),02 4200 0268,4,https://www.wollongongcentral.com.au/stores/sushi-dami,0.3643,0.3116,wol_lvl_g,https://www.wollongongcentral.com.au/sites/default/files/styles/store_detail_image/public/2021-12/Sushi-Dami%20-%20web.png?itok=oPLyavWH
W122_x2F_123,The Bavarian,Shop: W122/123 (Keira),02 8099 7049,4,https://www.wollongongcentral.com.au/stores/bavarian,0.3654,0.3547,wol_lvl_g,https://www.wollongongcentral.com.au/sites/default/files/styles/store_detail_image/public/2021-12/The-Bavarian-Logo%20-%20web.png?itok=i-5KyRdR
W124_x2F_125,Grill'd,Shop: W124/125 (Keira),02 4226 2888,4,https://www.wollongongcentral.com.au/stores/grilld,0.3304,0.3513,wol_lvl_g,https://www.wollongongcentral.com.au/sites/default/files/styles/store_detail_image/public/2021-12/GRilld%20logo%20-%20web.png?itok=ALBne-sE
W126,Jeanswest,Shop: W126 (Keira),02 8870 0312,3,https://www.wollongongcentral.com.au/stores/jeans-west,0.3292,0.3180,wol_lvl_g,https://www.wollongongcentral.com.au/sites/default/files/styles/store_detail_image/public/2021-12/Jeanswest%20-%20web.png?itok=Wo6Qci39
W127,Ghanda Clothing,Shop: W127 (Keira),02 4298 7940,3,https://www.wollongongcentral.com.au/stores/ghanda-clothing,0.3187,0.2928,wol_lvl_g,https://www.wollongongcentral.com.au/sites/default/files/styles/store_detail_image/public/2021-12/ghanda%20-%20web.png?itok=mwd0jBrv
W128,Kingsway Clothing,Shop: W128 (Keira),0403 401 281,3,https://www.wollongongcentral.com.au/stores/kingsway-clothing,0.3237,0.2387,wol_lvl_g,https://www.wollongongcentral.com.au/sites/default/files/styles/store_detail_image/public/2021-12/kingsway%20-%20web.png?itok=XpMMQngP
W129,Cybershop,Shop: W129 (Keira),0425 312 351,3,https://www.wollongongcentral.com.au/stores/cybershop,0.3240,0.2139,wol_lvl_g,https://www.wollongongcentral.com.au/sites/default/files/styles/store_detail_image/public/2021-12/cybershop%20-%20web.png?itok=I34KqoiA
W130,Zing Pop Culture,Shop: W130 (Keira),02 4225 7124,12,https://www.wollongongcentral.com.au/stores/zing-pop-culture,0.3257,0.1899,wol_lvl_g,https://www.wollongongcentral.com.au/sites/default/files/styles/store_detail_image/public/2021-12/zing%20-%20web.png?itok=gu8KtU5i
W131,EB Games,Shop: W131  (Keira),02 4225 2721,12,https://www.wollongongcentral.com.au/stores/eb-games,0.3237,0.1640,wol_lvl_g,https://www.wollongongcentral.com.au/sites/default/files/styles/store_detail_image/public/2021-12/EB%20Games%20-%20web.png?itok=zULCfNNK
W132,Dapper & Boss,Shop: W132 (Keira),02 4226 2794,7,https://www.wollongongcentral.com.au/stores/dapper-boss,0.3407,0.1508,wol_lvl_g,https://www.wollongongcentral.com.au/sites/default/files/styles/store_detail_image/public/2021-11/dapper%20-%20web.png?itok=UYPxdtPz
W201_00000012473567040788730760000014406925100089904526_,JB Hi-Fi Home,Shop: W201 (Keira),02 4239 6000,12,https://www.wollongongcentral.com.au/stores/jb-hi-fi-home,0.2541,0.2200,wol_lvl_1,https://www.wollongongcentral.com.au/sites/default/files/styles/store_detail_image/public/2021-12/jb-hifi-home%20-%20web.png?itok=488ametN
W201K,Soo & Beans,Shop: W201K (Keira),02 4228 8891,4,https://www.wollongongcentral.com.au/stores/soo-beans,0.3743,0.4462,wol_lvl_1,https://www.wollongongcentral.com.au/sites/default/files/styles/store_detail_image/public/2021-12/Soo-Beans%20-%20web.png?itok=KoTxjKHf
W202,Target,Shop: W202 (Keira),02 4222 4800,11,https://www.wollongongcentral.com.au/stores/target,0.2461,0.3694,wol_lvl_1,https://www.wollongongcentral.com.au/sites/default/files/styles/store_detail_image/public/2021-12/target%20-%20web.png?itok=76h6kJIm
W204,Cotton On Kids,Shop: W204 (Keira),03 4227 2805,3,https://www.wollongongcentral.com.au/stores/cotton-kids,0.2712,0.3159,wol_lvl_1,https://www.wollongongcentral.com.au/sites/default/files/styles/store_detail_image/public/2021-11/cotton-on-kids%20-%20web.png?itok=KEiNNyQy
W205,Spendless Shoes,Shop: W205 (Keira),02 4227 6802,3,https://www.wollongongcentral.com.au/stores/spendless-shoes,0.2737,0.2896,wol_lvl_1,https://www.wollongongcentral.com.au/sites/default/files/styles/store_detail_image/public/2021-12/Spendless%20-%20web.png?itok=kw-sEU2d
W206_x2F_207,MyHouse,Shop: W206/207 (Keira),02 4229 3344,13,https://www.wollongongcentral.com.au/stores/myhouse,0.2732,0.2587,wol_lvl_1,https://www.wollongongcentral.com.au/sites/default/files/styles/store_detail_image/public/2021-12/myhouse%20-%20web.png?itok=ne6RNQ86
W211_x2F_212,QBD The Bookshop,Shop: W211/212 (Keira),02 4201 0284,6,https://www.wollongongcentral.com.au/stores/r-n-communications,0.3276,0.1780,wol_lvl_1,https://www.wollongongcentral.com.au/sites/default/files/styles/store_detail_image/public/2022-05/R%20N%20-%20web.png?itok=EcoITAkh
W213_00000096776327931833044740000011768507281701223301_,Subway,Shop: W213 (Keira),02 4225 7425,4,https://www.wollongongcentral.com.au/stores/subway,0.3593,0.1836,wol_lvl_1,https://www.wollongongcentral.com.au/sites/default/files/styles/store_detail_image/public/2021-12/Subway%20-web.png?itok=DR_pZRnR
W214_00000156555271696384858900000015925601564145792956_,KFC,Shop: W214 (Keira),02 4226 2343,4,https://www.wollongongcentral.com.au/stores/kfc,0.3828,0.1820,wol_lvl_1,https://www.wollongongcentral.com.au/sites/default/files/styles/store_detail_image/public/2021-12/KFC%20-%20web.png?itok=klLTcAsF
W215_00000021827839097266200280000002990502832668722839_,Soul Origin,Shop: W215 (Keira),,4,https://www.wollongongcentral.com.au/stores/soul-origin,0.3668,0.2302,wol_lvl_1,https://www.wollongongcentral.com.au/sites/default/files/styles/store_detail_image/public/2021-12/soul%20origin%20-%20web.png?itok=aFhtAVA2
W218,Ceren's,Shop: W218 (Keira),02 4228 7765,4,https://www.wollongongcentral.com.au/stores/cerens,0.3657,0.3047,wol_lvl_1,https://www.wollongongcentral.com.au/sites/default/files/styles/store_detail_image/public/2021-11/Cerens%20-%20web.png?itok=ufxYYEQ2
W219,Top Juice,Shop: W219 (Keira),0422 300 060,4,https://www.wollongongcentral.com.au/stores/top-juice,0.3648,0.3242,wol_lvl_1,https://www.wollongongcentral.com.au/sites/default/files/styles/store_detail_image/public/2021-12/top-juice%20-%20web.png?itok=kqocIwZL
W220,Hibiki,Shop: W220 (Keira),,4,https://www.wollongongcentral.com.au/stores/hibiki,0.3598,0.3673,wol_lvl_1,https://www.wollongongcentral.com.au/sites/default/files/styles/store_detail_image/public/2022-03/Hibiki%20logo.jpg?itok=wAJvivVc
W221,Chopstix,Shop: W221 (Keira),02 4243 1098,4,https://www.wollongongcentral.com.au/stores/chopstix,0.3582,0.3893,wol_lvl_1,https://www.wollongongcentral.com.au/sites/default/files/styles/store_detail_image/public/2021-11/chopstix%20-%20web.png?itok=WuLnXP9r
W222,McDonald's,Shop: W222 (Keira),02 4225 9226,4,https://www.wollongongcentral.com.au/stores/mcdonalds,0.3578,0.4112,wol_lvl_1,https://www.wollongongcentral.com.au/sites/default/files/styles/store_detail_image/public/2021-12/Mcdonald%27s-web.png?itok=SanNQIQT
W223,Funland,Shop: W223 (Keira),,14,https://www.wollongongcentral.com.au/stores/funland,0.3322,0.4040,wol_lvl_1,https://www.wollongongcentral.com.au/sites/default/files/styles/store_detail_image/public/2022-04/Funland_Wollongong_Horizontal.png?itok=7a6eDVFn
W224,Just Cuts,Shop: W224 (Keira),02 4200 6528,7,https://www.wollongongcentral.com.au/stores/just-cuts,0.3354,0.3853,wol_lvl_1,https://www.wollongongcentral.com.au/sites/default/files/styles/store_detail_image/public/2021-12/Just%20Cuts%20-%20web.png?itok=X451VmYu
W226,Dusk,Shop: W226 (Keira),02 4201 0586,13,https://www.wollongongcentral.com.au/stores/dusk,0.3362,0.3100,wol_lvl_1,https://www.wollongongcentral.com.au/sites/default/files/styles/store_detail_image/public/2021-12/dusk%20-%20web.png?itok=rTcVrsYh
W227,Vanessa's Nail & Beauty,Shop: W227 (Keira),02 4225 1046,7,https://www.wollongongcentral.com.au/stores/vanessas-nail-beauty,0.3338,0.2853,wol_lvl_1,https://www.wollongongcentral.com.au/sites/default/files/styles/store_detail_image/public/2021-12/vanessa%20-%20web.png?itok=caam1RdC
W228_x2F_229_00000179637399248751001550000005615342571320083084_,Rockmans,Shop: W228/229,02 4225 1931,3,https://www.wollongongcentral.com.au/stores/rockmans,0.3387,0.2482,wol_lvl_1,https://www.wollongongcentral.com.au/sites/default/files/styles/store_detail_image/public/2021-12/Rockmans%20-%20web.png?itok=RGC4ys_Y
